time_bucket,avg_pm25,avg_pm10,avg_o3,avg_no2,avg_so2,avg_co,aqi_pm25,aqi_pm10,aqi_o3,aqi_co,aqi_so2,aqi_no2,calculated_aqi,temperature_c,humidity_pct,wind_speed_kmh,location_x,location_x,location_x,location_x,aqi_category,weather_category,location_y
2025-05-01 00:00:00,31.42,,,,,761.5,91.0,,,500.0,,,500.0,25.52910052910053,91.39682539682539,8.134920634920634,Đào Duy Từ,Đào Duy Từ,Đào Duy Từ,Đào Duy Từ,Unknown,partly_cloudy,Hanoi
2025-05-01 01:00:00,31.310000000000002,,,,,944.35,91.0,,,500.0,,,500.0,25.50347222222222,91.953125,7.6421874999999995,An Khánh,An Khánh,An Khánh,An Khánh,Unknown,partly_cloudy,Hanoi
2025-05-01 02:00:00,31.2,,,,,1127.2,91.0,,,500.0,,,500.0,25.476190476190474,91.52380952380952,6.258730158730159,46 Lưu Quang Vũ,46 Lưu Quang Vũ,46 Lưu Quang Vũ,46 Lưu Quang Vũ,Hazardous,partly_cloudy,Hanoi
2025-05-01 03:00:00,31.349999999999998,,,,,1071.4727272727273,91.36363636363636,,,500.0,,,500.0,24.664902998236332,94.88888888888889,5.079365079365079,46 Lưu Quang Vũ,46 Lưu Quang Vũ,46 Lưu Quang Vũ,46 Lưu Quang Vũ,Hazardous,partly_cloudy,Hanoi
2025-05-01 04:00:00,31.5,,,,,1015.7454545454545,91.72727272727273,,,500.0,,,500.0,24.664902998236332,92.77777777777777,5.006349206349206,46 Lưu Quang Vũ,46 Lưu Quang Vũ,46 Lưu Quang Vũ,46 Lưu Quang Vũ,Hazardous,partly_cloudy,Hanoi
2025-05-01 05:00:00,31.65,,,,,960.0181818181818,92.0909090909091,,,500.0,,,500.0,24.589743589743588,93.18461538461538,5.466153846153846,46 Lưu Quang Vũ,46 Lưu Quang Vũ,46 Lưu Quang Vũ,46 Lưu Quang Vũ,Hazardous,partly_cloudy,Hanoi
2025-05-01 06:00:00,31.8,,,,,904.2909090909092,92.45454545454545,,,500.0,,,500.0,24.53846153846154,94.15384615384616,7.409230769230769,46 Lưu Quang Vũ,46 Lưu Quang Vũ,46 Lưu Quang Vũ,46 Lưu Quang Vũ,Hazardous,rain,Hanoi
2025-05-01 07:00:00,31.95,,,,,848.5636363636364,92.81818181818181,,,500.0,,,500.0,23.44871794871795,94.13076923076923,6.545384615384615,46 Lưu Quang Vũ,46 Lưu Quang Vũ,46 Lưu Quang Vũ,46 Lưu Quang Vũ,Hazardous,rain,Hanoi
2025-05-01 08:00:00,32.1,,,,,792.8363636363637,93.18181818181819,,,500.0,,,500.0,22.358974358974358,94.1076923076923,5.681538461538461,46 Lưu Quang Vũ,46 Lưu Quang Vũ,46 Lưu Quang Vũ,46 Lưu Quang Vũ,Hazardous,rain,Hanoi
2025-05-01 09:00:00,32.25,,,,,737.109090909091,93.54545454545455,,,500.0,,,500.0,22.547332297332296,94.15990675990676,6.458193473193473,46 Lưu Quang Vũ,46 Lưu Quang Vũ,46 Lưu Quang Vũ,46 Lưu Quang Vũ,Hazardous,rain,Hanoi
2025-05-01 10:00:00,32.4,,,,,681.3818181818183,93.9090909090909,,,500.0,,,500.0,22.73569023569024,94.21212121212122,7.234848484848484,46 Lưu Quang Vũ,46 Lưu Quang Vũ,46 Lưu Quang Vũ,46 Lưu Quang Vũ,Hazardous,partly_cloudy,Hanoi
2025-05-01 11:00:00,32.550000000000004,,,,,625.6545454545455,94.27272727272727,,,500.0,,,500.0,23.51851851851852,89.22222222222223,10.722222222222221,46 Lưu Quang Vũ,46 Lưu Quang Vũ,46 Lưu Quang Vũ,46 Lưu Quang Vũ,Hazardous,partly_cloudy,Hanoi
2025-05-01 12:00:00,32.7,,,,,569.9272727272728,94.63636363636364,,,500.0,,,500.0,25.147569444444443,85.515625,9.984375,46 Lưu Quang Vũ,46 Lưu Quang Vũ,46 Lưu Quang Vũ,46 Lưu Quang Vũ,Hazardous,partly_cloudy,Hanoi
2025-05-01 13:00:00,32.85,,,,,514.2,95.0,,,500.0,,,500.0,26.28205128205128,80.15384615384616,9.326153846153845,46 Lưu Quang Vũ,46 Lưu Quang Vũ,46 Lưu Quang Vũ,46 Lưu Quang Vũ,Hazardous,partly_cloudy,Hanoi
2025-05-01 14:00:00,13.466,11.69,20.845,13.5,0.27,303.65,49.4,10.75,19.0,400.4,0.0,12.75,403.8,26.98412698412698,76.84126984126983,8.274603174603174,Đào Duy Từ,Đào Duy Từ,Đào Duy Từ,Đào Duy Từ,Hazardous,partly_cloudy,Hanoi
2025-05-01 15:00:00,11.6,14.76375,25.215,13.5,0.34,324.88,45.4,13.5,23.0,400.4,0.0,13.0,407.8,28.793650793650794,68.58571428571429,8.67,46 Lưu Quang Vũ,46 Lưu Quang Vũ,46 Lưu Quang Vũ,46 Lưu Quang Vũ,Hazardous,partly_cloudy,Hanoi
2025-05-01 16:00:00,8.903,12.64625,22.53,13.0,0.58,326.15,36.0,11.75,21.0,400.8,1.0,12.25,404.2,27.93650793650794,73.0952380952381,10.830158730158729,Minh Khai - Bắc Từ Liêm,Minh Khai - Bắc Từ Liêm,Minh Khai - Bắc Từ Liêm,Minh Khai - Bắc Từ Liêm,Good,partly_cloudy,Hanoi
2025-05-01 17:00:00,7.906999999999999,11.41875,25.74,13.925,0.23,330.21999999999997,32.8,10.5,24.0,400.6,0.0,13.25,404.8,27.92534722222222,72.609375,10.6359375,46 Lưu Quang Vũ,46 Lưu Quang Vũ,46 Lưu Quang Vũ,46 Lưu Quang Vũ,Hazardous,partly_cloudy,Hanoi
2025-05-01 18:00:00,13.216999999999999,10.593,11.5425,8.3,0.1175,216.25,48.6,9.8,10.5,400.6,0.0,8.0,404.2,27.07231040564374,78.07936507936508,9.596825396825396,Vân Hà,Vân Hà,Vân Hà,Vân Hà,Hazardous,partly_cloudy,Hanoi
2025-05-01 19:00:00,29.459999999999997,13.731,8.795,10.07,0.08,253.65,83.0,12.6,8.0,401.2,0.0,9.4,432.0,26.31623931623931,81.04615384615384,6.707692307692308,Đào Duy Từ,Đào Duy Từ,Đào Duy Từ,Đào Duy Từ,Hazardous,partly_cloudy,Hanoi
2025-05-01 20:00:00,19.634999999999998,13.075,0.0,15.1375,0.0,384.375,65.5,12.25,0.0,500.0,0.0,14.25,500.0,26.451612903225808,81.69354838709677,7.091935483870968,46 Lưu Quang Vũ,46 Lưu Quang Vũ,46 Lưu Quang Vũ,46 Lưu Quang Vũ,Hazardous,partly_cloudy,Hanoi
2025-05-01 21:00:00,21.43375,12.712499999999999,0.0,19.0875,0.0,464.85,70.25,11.75,0.0,500.0,0.0,18.25,500.0,26.28472222222222,83.40625,4.7562500000000005,Vân Hà,Vân Hà,Vân Hà,Vân Hà,Hazardous,partly_cloudy,Hanoi
2025-05-01 22:00:00,23.0325,13.55,0.0,21.725,0.0,526.3125,73.25,12.5,0.0,500.0,0.0,20.5,500.0,26.34038800705467,81.04761904761905,4.823809523809524,An Khánh,An Khánh,An Khánh,An Khánh,Hazardous,partly_cloudy,Hanoi
2025-05-01 23:00:00,37.463,22.071,2.86,16.55,0.0725,447.51000000000005,93.8,19.8,2.5,402.4,0.0,15.6,433.8,25.29982363315697,85.58730158730158,5.511111111111111,Đào Duy Từ,Đào Duy Từ,Đào Duy Từ,Đào Duy Từ,Hazardous,partly_cloudy,Hanoi
2025-05-02 00:00:00,22.5125,10.625,0.0,15.7625,0.0,505.76250000000005,72.5,9.75,0.0,500.0,0.0,14.75,500.0,25.29513888888889,85.828125,5.16875,Đào Duy Từ,Đào Duy Từ,Đào Duy Từ,Đào Duy Từ,Hazardous,partly_cloudy,Hanoi
2025-05-02 01:00:00,44.358999999999995,20.472,2.7575,11.58,0.6074999999999999,360.4,94.8,18.6,2.5,401.4,1.0,11.0,438.4,24.375,87.640625,6.0734375,46 Lưu Quang Vũ,46 Lưu Quang Vũ,46 Lưu Quang Vũ,46 Lưu Quang Vũ,Hazardous,partly_cloudy,Hanoi
2025-05-02 02:00:00,44.745999999999995,22.579,2.0149999999999997,12.16,0.87,373.72,97.8,20.4,2.0,401.4,1.0,11.4,437.6,23.51851851851852,90.8030303030303,5.136363636363637,Vân Hà,Vân Hà,Vân Hà,Vân Hà,Hazardous,partly_cloudy,Hanoi
2025-05-02 03:00:00,43.754000000000005,25.996,2.37,15.77,0.71,440.71999999999997,103.4,23.4,2.0,401.4,1.0,14.8,435.6,23.512544802867385,88.38709677419355,5.230645161290322,46 Lưu Quang Vũ,46 Lưu Quang Vũ,46 Lưu Quang Vũ,46 Lưu Quang Vũ,Hazardous,partly_cloudy,Hanoi
2025-05-02 04:00:00,44.245,22.389999999999997,1.425,17.0,0.9775,402.15999999999997,108.4,20.0,1.5,401.2,1.5,16.0,434.2,22.661290322580644,91.8225806451613,2.0725806451612905,46 Lưu Quang Vũ,46 Lưu Quang Vũ,46 Lưu Quang Vũ,46 Lưu Quang Vũ,Hazardous,partly_cloudy,Hanoi
2025-05-02 05:00:00,41.368,25.694,2.4175,15.080000000000002,0.7975,388.21,111.2,23.8,2.0,401.0,1.0,14.0,431.4,22.61904761904762,91.57142857142857,3.0460317460317463,Đào Duy Từ,Đào Duy Từ,Đào Duy Từ,Đào Duy Từ,Hazardous,partly_cloudy,Hanoi
2025-05-02 06:00:00,43.69,27.209000000000003,1.9425,13.180000000000001,0.855,392.14,114.0,25.0,2.0,401.2,1.0,12.4,432.2,22.64336917562724,88.95161290322581,4.166129032258064,46 Lưu Quang Vũ,46 Lưu Quang Vũ,46 Lưu Quang Vũ,46 Lưu Quang Vũ,Hazardous,partly_cloudy,Hanoi
2025-05-02 07:00:00,53.427,28.269,2.7525,15.819999999999999,0.74,499.23,131.6,25.4,2.5,401.0,1.0,15.0,433.0,23.56841661395741,86.62286527514232,3.7124762808349145,Vân Hà,Vân Hà,Vân Hà,Vân Hà,Hazardous,partly_cloudy,Hanoi
2025-05-02 08:00:00,50.311,35.525,3.08,17.98,0.865,514.2299999999999,137.2,31.8,3.0,401.4,1.0,16.8,430.0,24.49346405228758,84.29411764705883,3.2588235294117647,An Khánh,An Khánh,An Khánh,An Khánh,Hazardous,partly_cloudy,Hanoi
2025-05-02 09:00:00,52.883,37.349000000000004,6.2875,14.95,0.7050000000000001,425.71999999999997,134.8,33.0,6.0,401.4,1.0,14.0,420.8,27.083333333333332,72.71875,3.784375,46 Lưu Quang Vũ,46 Lưu Quang Vũ,46 Lưu Quang Vũ,46 Lưu Quang Vũ,Hazardous,cloudy,Hanoi
2025-05-02 10:00:00,46.7,36.546,9.6975,11.069999999999999,0.8825,406.5,125.4,32.4,9.0,401.0,1.5,10.6,415.6,28.800705467372136,65.96825396825396,3.787301587301587,Vân Hà,Vân Hà,Vân Hà,Vân Hà,Hazardous,cloudy,Hanoi
2025-05-02 11:00:00,37.119,30.479000000000003,15.435,10.780000000000001,0.8925,370.53000000000003,105.8,27.2,14.5,400.6,1.5,10.2,412.2,29.973958333333332,60.34375,4.234375,46 Lưu Quang Vũ,46 Lưu Quang Vũ,46 Lưu Quang Vũ,46 Lưu Quang Vũ,Hazardous,cloudy,Hanoi
2025-05-02 12:00:00,29.713,25.767000000000003,12.93,11.129999999999999,0.955,338.23999999999995,88.2,23.2,12.0,401.2,1.5,10.6,410.6,32.18803418803419,53.72307692307693,2.94,Vân Hà,Vân Hà,Vân Hà,Vân Hà,Hazardous,cloudy,Hanoi
2025-05-02 13:00:00,27.537,22.427,18.185000000000002,12.24,0.985,309.18,83.4,20.8,17.0,400.8,1.5,11.6,410.0,32.1875,51.703125,6.340624999999999,46 Lưu Quang Vũ,46 Lưu Quang Vũ,46 Lưu Quang Vũ,46 Lưu Quang Vũ,Hazardous,partly_cloudy,Hanoi
2025-05-02 14:00:00,26.219,21.925,18.127499999999998,12.23,1.12,292.68,79.6,20.4,17.0,400.8,1.5,11.6,409.2,32.998236331569665,47.3968253968254,6.698412698412699,46 Lưu Quang Vũ,46 Lưu Quang Vũ,46 Lưu Quang Vũ,46 Lưu Quang Vũ,Hazardous,clear_sky,Hanoi
2025-05-02 15:00:00,22.822,19.945,18.744999999999997,12.190000000000001,1.075,252.59,70.8,18.4,17.5,400.6,1.5,11.6,408.8,33.68055555555556,46.34375,6.0015625,Đào Duy Từ,Đào Duy Từ,Đào Duy Từ,Đào Duy Từ,Hazardous,cloudy,Hanoi
2025-05-02 16:00:00,22.894,18.331,20.795,12.98,1.4925000000000002,250.43,70.6,16.8,19.5,400.6,2.0,12.4,408.8,33.393162393162385,48.58461538461538,9.409230769230769,46 Lưu Quang Vũ,46 Lưu Quang Vũ,46 Lưu Quang Vũ,46 Lưu Quang Vũ,Hazardous,clear_sky,Hanoi
2025-05-02 17:00:00,21.754,18.946,17.759999999999998,11.930000000000001,0.9625,225.26,67.4,17.6,16.5,401.0,1.5,11.4,408.4,31.613756613756614,60.142857142857146,16.666666666666668,46 Lưu Quang Vũ,46 Lưu Quang Vũ,46 Lưu Quang Vũ,46 Lưu Quang Vũ,Hazardous,clear_sky,Hanoi
2025-05-02 18:00:00,22.704,20.256999999999998,10.7475,14.74,0.96,293.19,69.6,18.8,10.0,401.8,1.5,13.8,410.0,31.022927689594354,65.15873015873017,16.853968253968254,Đào Duy Từ,Đào Duy Từ,Đào Duy Từ,Đào Duy Từ,Hazardous,partly_cloudy,Hanoi
2025-05-02 19:00:00,32.408,24.712,13.63,15.790000000000001,0.8325,268.11,93.0,22.4,12.5,401.8,1.0,14.8,410.2,29.837606837606835,68.56923076923077,16.78,46 Lưu Quang Vũ,46 Lưu Quang Vũ,46 Lưu Quang Vũ,46 Lưu Quang Vũ,Hazardous,clear_night,Hanoi
2025-05-02 20:00:00,51.297000000000004,28.971000000000004,10.81,13.3,0.95,252.37999999999997,127.6,25.8,10.0,401.8,1.5,12.6,433.4,28.156966490299823,75.52380952380952,17.495238095238097,Đào Duy Từ,Đào Duy Từ,Đào Duy Từ,Đào Duy Từ,Hazardous,clear_night,Hanoi
2025-05-02 21:00:00,65.112,29.823999999999995,8.6475,12.59,0.7875,206.43,130.6,26.0,8.0,401.4,1.0,11.8,444.4,27.128205128205128,77.47692307692307,15.430769230769233,46 Lưu Quang Vũ,46 Lưu Quang Vũ,46 Lưu Quang Vũ,46 Lưu Quang Vũ,Hazardous,clear_night,Hanoi
2025-05-02 22:00:00,51.024,29.791000000000004,4.875,13.4,1.01,202.87,116.8,26.2,4.5,401.4,1.5,12.6,436.2,26.529790660225437,79.79710144927536,14.189855072463768,Đào Duy Từ,Đào Duy Từ,Đào Duy Từ,Đào Duy Từ,Hazardous,rain,Hanoi
2025-05-02 23:00:00,48.154999999999994,28.380999999999993,4.157500000000001,17.89,0.85,224.76999999999998,115.2,25.4,4.0,401.4,1.0,16.8,434.6,26.59722222222222,80.890625,13.290625,46 Lưu Quang Vũ,46 Lưu Quang Vũ,46 Lưu Quang Vũ,46 Lưu Quang Vũ,Hazardous,clear_night,Hanoi
2025-05-03 00:00:00,45.428999999999995,30.554000000000002,3.0425,14.95,0.975,194.7,115.8,27.2,3.0,401.2,1.5,14.0,432.6,25.68783068783069,83.6984126984127,12.398412698412699,Vân Hà,Vân Hà,Vân Hà,Vân Hà,Hazardous,other,Hanoi
2025-05-03 01:00:00,59.097,27.689999999999998,0.0,14.23,0.0,206.49,133.4,25.2,0.0,400.0,0.0,13.6,436.4,25.495726495726494,84.66153846153846,11.115384615384615,Đào Duy Từ,Đào Duy Từ,Đào Duy Từ,Đào Duy Từ,Hazardous,partly_cloudy,Hanoi
2025-05-03 02:00:00,46.39,16.160000000000004,0.0,13.39,0.0,214.73000000000002,125.5,14.8,0.0,400.0,0.0,12.6,400.0,24.664902998236332,88.68253968253968,10.406349206349207,46 Lưu Quang Vũ,46 Lưu Quang Vũ,46 Lưu Quang Vũ,46 Lưu Quang Vũ,Hazardous,other,Hanoi
2025-05-03 03:00:00,47.00125,20.23,0.0,15.13,0.0,168.77,127.0,18.6,0.0,400.0,0.0,14.2,400.0,24.64726631393298,88.96825396825396,10.077777777777778,Đào Duy Từ,Đào Duy Từ,Đào Duy Từ,Đào Duy Từ,Hazardous,other,Hanoi
2025-05-03 04:00:00,44.51375,20.65,0.0,17.35,0.0,146.21999999999997,121.75,19.0,0.0,400.0,0.0,16.4,400.0,24.576719576719576,89.82539682539682,9.187301587301587,Đào Duy Từ,Đào Duy Từ,Đào Duy Từ,Đào Duy Từ,Hazardous,partly_cloudy,Hanoi
2025-05-03 05:00:00,41.53375,17.08,0.0,17.7,0.0,145.74,115.25,15.8,0.0,400.0,0.0,16.8,400.0,24.521367521367523,90.75384615384615,7.904615384615385,Vân Hà,Vân Hà,Vân Hà,Vân Hà,Hazardous,partly_cloudy,Hanoi
2025-05-03 06:00:00,43.115,19.96,0.0,15.670000000000002,0.0,159.3,119.25,18.4,0.0,400.0,0.0,14.8,400.0,24.618055555555557,90.828125,7.4546875,46 Lưu Quang Vũ,46 Lưu Quang Vũ,46 Lưu Quang Vũ,46 Lưu Quang Vũ,Hazardous,partly_cloudy,Hanoi
2025-05-03 07:00:00,47.92375,19.689999999999998,0.0,14.309999999999999,0.0,173.89000000000001,126.5,18.2,0.0,400.0,0.0,13.4,400.0,25.74074074074074,85.13333333333334,7.92,Vân Hà,Vân Hà,Vân Hà,Vân Hà,Hazardous,partly_cloudy,Hanoi
2025-05-03 08:00:00,45.50625,19.259999999999998,0.0,14.16,0.0,222.1,123.5,17.8,0.0,400.0,0.0,13.2,400.0,26.065759637188204,82.12244897959184,7.151020408163265,46 Lưu Quang Vũ,46 Lưu Quang Vũ,46 Lưu Quang Vũ,46 Lưu Quang Vũ,Hazardous,partly_cloudy,Hanoi
2025-05-03 09:00:00,44.69375,18.22,0.0,15.1,0.0,217.91,121.0,17.0,0.0,400.0,0.0,14.2,400.0,27.604166666666668,75.53125,7.2890625,46 Lưu Quang Vũ,46 Lưu Quang Vũ,46 Lưu Quang Vũ,46 Lưu Quang Vũ,Hazardous,partly_cloudy,Hanoi
2025-05-03 10:00:00,43.65,18.93,0.0,13.01,0.0,227.71999999999997,120.75,17.4,0.0,400.0,0.0,12.2,400.0,27.83068783068783,74.57142857142857,6.992063492063492,Đào Duy Từ,Đào Duy Từ,Đào Duy Từ,Đào Duy Từ,Hazardous,partly_cloudy,Hanoi
2025-05-03 11:00:00,45.31,20.8,0.0,14.680000000000001,0.0,283.43,124.75,19.2,0.0,400.0,0.0,14.0,400.0,28.853615520282187,70.65079365079364,4.749206349206349,46 Lưu Quang Vũ,46 Lưu Quang Vũ,46 Lưu Quang Vũ,46 Lưu Quang Vũ,Hazardous,partly_cloudy,Hanoi
2025-05-03 12:00:00,43.11125,20.45,0.0,12.21,0.0,273.2,119.5,19.0,0.0,400.0,0.0,11.6,400.0,30.03472222222222,69.765625,5.7296875,Vân Hà,Vân Hà,Vân Hà,Vân Hà,Hazardous,partly_cloudy,Hanoi
2025-05-03 13:00:00,42.1275,18.4,0.0,10.559999999999999,0.0,246.55,116.75,17.0,0.0,400.0,0.0,9.8,400.0,30.982286634460547,64.14492753623189,6.8,An Khánh,An Khánh,An Khánh,An Khánh,Hazardous,partly_cloudy,Hanoi
2025-05-03 14:00:00,37.5325,16.55,0.0,10.459999999999999,0.0,223.14000000000001,105.5,15.2,0.0,400.0,0.0,9.8,400.0,31.848958333333332,63.515625,8.2953125,46 Lưu Quang Vũ,46 Lưu Quang Vũ,46 Lưu Quang Vũ,46 Lưu Quang Vũ,Hazardous,partly_cloudy,Hanoi
2025-05-03 15:00:00,42.4225,14.809999999999999,0.0,10.879999999999999,0.0,214.56,113.25,13.8,0.0,400.0,0.0,10.2,400.0,32.32804232804233,61.539682539682545,10.584126984126984,Vân Hà,Vân Hà,Vân Hà,Vân Hà,Hazardous,partly_cloudy,Hanoi
2025-05-03 16:00:00,38.29375,13.819999999999999,0.0,11.24,0.0,221.6,107.75,12.8,0.0,400.0,0.0,10.6,400.0,32.23931623931624,62.261538461538464,15.663076923076924,46 Lưu Quang Vũ,46 Lưu Quang Vũ,46 Lưu Quang Vũ,46 Lưu Quang Vũ,Hazardous,partly_cloudy,Hanoi
2025-05-03 17:00:00,36.9475,13.7,0.0,11.209999999999999,0.0,235.22999999999996,105.0,12.6,0.0,400.0,0.0,10.6,400.0,31.493055555555554,66.609375,18.7859375,Vân Hà,Vân Hà,Vân Hà,Vân Hà,Hazardous,partly_cloudy,Hanoi
2025-05-03 18:00:00,33.42375,13.6,0.0,10.85,0.0,247.89000000000001,96.75,12.6,0.0,400.0,0.0,10.4,400.0,30.295138888888893,71.65625,19.58125,46 Lưu Quang Vũ,46 Lưu Quang Vũ,46 Lưu Quang Vũ,46 Lưu Quang Vũ,Hazardous,partly_cloudy,Hanoi
2025-05-03 19:00:00,31.34375,12.34,0.0,11.0,0.0,233.46000000000004,92.0,11.4,0.0,400.0,0.0,10.4,400.0,29.111111111111107,75.36923076923077,19.196923076923078,46 Lưu Quang Vũ,46 Lưu Quang Vũ,46 Lưu Quang Vũ,46 Lưu Quang Vũ,Hazardous,partly_cloudy,Hanoi
2025-05-03 20:00:00,32.03625,12.690000000000001,0.0,12.190000000000001,0.0,233.16,94.0,11.8,0.0,400.0,0.0,11.4,400.0,28.20987654320988,78.84126984126983,17.288888888888888,Đào Duy Từ,Đào Duy Từ,Đào Duy Từ,Đào Duy Từ,Hazardous,rain,Hanoi
2025-05-03 21:00:00,30.533749999999998,11.89,0.0,12.33,0.0,210.91,90.75,11.0,0.0,400.0,0.0,11.6,400.0,27.247863247863243,82.49230769230769,16.146153846153847,46 Lưu Quang Vũ,46 Lưu Quang Vũ,46 Lưu Quang Vũ,46 Lưu Quang Vũ,Hazardous,clear_night,Hanoi
2025-05-03 22:00:00,28.19125,11.72,0.0,11.55,0.0,200.7,84.75,11.0,0.0,400.0,0.0,11.0,400.0,26.74358974358974,87.8,13.936923076923076,Đào Duy Từ,Đào Duy Từ,Đào Duy Từ,Đào Duy Từ,Hazardous,clear_night,Hanoi
2025-05-03 23:00:00,31.8,12.45,0.0,11.67,0.0,209.35,93.75,11.4,0.0,400.0,0.0,11.2,400.0,26.666666666666664,88.875,15.646875,46 Lưu Quang Vũ,46 Lưu Quang Vũ,46 Lưu Quang Vũ,46 Lưu Quang Vũ,Hazardous,clear_night,Hanoi
2025-05-04 00:00:00,31.8,12.45,0.0,11.67,0.0,209.35,93.75,11.4,0.0,400.0,0.0,11.2,400.0,26.552028218694886,90.0952380952381,14.544444444444444,46 Lưu Quang Vũ,46 Lưu Quang Vũ,46 Lưu Quang Vũ,46 Lưu Quang Vũ,Hazardous,partly_cloudy,Hanoi
2025-05-04 01:00:00,31.8,12.45,0.0,11.67,0.0,209.35,93.75,11.4,0.0,400.0,0.0,11.2,400.0,26.57986111111111,91.046875,13.8890625,46 Lưu Quang Vũ,46 Lưu Quang Vũ,46 Lưu Quang Vũ,46 Lưu Quang Vũ,Hazardous,other,Hanoi
2025-05-04 02:00:00,31.8,12.45,0.0,11.67,0.0,209.35,93.75,11.4,0.0,400.0,0.0,11.2,400.0,26.503267973856207,91.8529411764706,13.044117647058824,46 Lưu Quang Vũ,46 Lưu Quang Vũ,46 Lưu Quang Vũ,46 Lưu Quang Vũ,Hazardous,partly_cloudy,Hanoi
2025-05-04 03:00:00,31.8,12.45,0.0,11.67,0.0,209.35,93.75,11.4,0.0,400.0,0.0,11.2,400.0,26.475694444444443,92.21875,10.9203125,46 Lưu Quang Vũ,46 Lưu Quang Vũ,46 Lưu Quang Vũ,46 Lưu Quang Vũ,Hazardous,partly_cloudy,Hanoi
2025-05-04 04:00:00,31.8,12.45,0.0,11.67,0.0,209.35,93.75,11.4,0.0,400.0,0.0,11.2,400.0,26.552028218694886,92.58730158730158,9.525396825396825,46 Lưu Quang Vũ,46 Lưu Quang Vũ,46 Lưu Quang Vũ,46 Lưu Quang Vũ,Hazardous,partly_cloudy,Hanoi
2025-05-04 05:00:00,31.8,12.45,0.0,11.67,0.0,209.35,93.75,11.4,0.0,400.0,0.0,11.2,400.0,26.367521367521366,93.15384615384616,8.686153846153847,46 Lưu Quang Vũ,46 Lưu Quang Vũ,46 Lưu Quang Vũ,46 Lưu Quang Vũ,Hazardous,partly_cloudy,Hanoi
2025-05-04 06:00:00,31.8,12.45,0.0,11.67,0.0,209.35,93.75,11.4,0.0,400.0,0.0,11.2,400.0,26.499118165784832,92.36507936507937,9.065079365079365,46 Lưu Quang Vũ,46 Lưu Quang Vũ,46 Lưu Quang Vũ,46 Lưu Quang Vũ,Hazardous,partly_cloudy,Hanoi
2025-05-04 07:00:00,31.8,12.45,0.0,11.67,0.0,209.35,93.75,11.4,0.0,400.0,0.0,11.2,400.0,26.784912618245954,88.39466089466089,10.511327561327562,46 Lưu Quang Vũ,46 Lưu Quang Vũ,46 Lưu Quang Vũ,46 Lưu Quang Vũ,Hazardous,partly_cloudy,Hanoi
2025-05-04 08:00:00,31.8,12.45,0.0,11.67,0.0,209.35,93.75,11.4,0.0,400.0,0.0,11.2,400.0,27.070707070707073,84.42424242424242,11.957575757575759,46 Lưu Quang Vũ,46 Lưu Quang Vũ,46 Lưu Quang Vũ,46 Lưu Quang Vũ,Hazardous,partly_cloudy,Hanoi
2025-05-04 09:00:00,31.8,12.45,0.0,11.67,0.0,209.35,93.75,11.4,0.0,400.0,0.0,11.2,400.0,27.864413364413366,80.58135198135199,9.890326340326341,46 Lưu Quang Vũ,46 Lưu Quang Vũ,46 Lưu Quang Vũ,46 Lưu Quang Vũ,Hazardous,partly_cloudy,Hanoi
2025-05-04 10:00:00,31.8,12.45,0.0,11.67,0.0,209.35,93.75,11.4,0.0,400.0,0.0,11.2,400.0,28.65811965811966,76.73846153846154,7.823076923076923,46 Lưu Quang Vũ,46 Lưu Quang Vũ,46 Lưu Quang Vũ,46 Lưu Quang Vũ,Hazardous,partly_cloudy,Hanoi
2025-05-04 11:00:00,31.8,12.45,0.0,11.67,0.0,209.35,93.75,11.4,0.0,400.0,0.0,11.2,400.0,29.700854700854702,75.47692307692307,9.16,46 Lưu Quang Vũ,46 Lưu Quang Vũ,46 Lưu Quang Vũ,46 Lưu Quang Vũ,Hazardous,partly_cloudy,Hanoi
2025-05-04 12:00:00,31.8,12.45,0.0,11.67,0.0,209.35,93.75,11.4,0.0,400.0,0.0,11.2,400.0,31.82659932659933,67.43939393939394,8.212121212121213,46 Lưu Quang Vũ,46 Lưu Quang Vũ,46 Lưu Quang Vũ,46 Lưu Quang Vũ,Hazardous,partly_cloudy,Hanoi
2025-05-04 13:00:00,31.8,12.45,0.0,11.67,0.0,209.35,93.75,11.4,0.0,400.0,0.0,11.2,400.0,32.369791666666664,61.453125,9.378125,46 Lưu Quang Vũ,46 Lưu Quang Vũ,46 Lưu Quang Vũ,46 Lưu Quang Vũ,Hazardous,partly_cloudy,Hanoi
2025-05-04 14:00:00,31.8,12.45,0.0,11.67,0.0,209.35,93.75,11.4,0.0,400.0,0.0,11.2,400.0,32.59780907668232,63.16901408450704,9.608450704225353,46 Lưu Quang Vũ,46 Lưu Quang Vũ,46 Lưu Quang Vũ,46 Lưu Quang Vũ,Hazardous,rain,Hanoi
2025-05-04 15:00:00,31.8,12.45,0.0,11.67,0.0,209.35,93.75,11.4,0.0,400.0,0.0,11.2,400.0,32.07692307692308,66.0,13.712307692307693,46 Lưu Quang Vũ,46 Lưu Quang Vũ,46 Lưu Quang Vũ,46 Lưu Quang Vũ,Hazardous,rain,Hanoi
2025-05-04 16:00:00,31.8,12.45,0.0,11.67,0.0,209.35,93.75,11.4,0.0,400.0,0.0,11.2,400.0,31.07583774250441,69.98412698412699,17.149206349206352,46 Lưu Quang Vũ,46 Lưu Quang Vũ,46 Lưu Quang Vũ,46 Lưu Quang Vũ,Hazardous,rain,Hanoi
2025-05-04 17:00:00,31.8,12.45,0.0,11.67,0.0,209.35,93.75,11.4,0.0,400.0,0.0,11.2,400.0,30.29982363315697,68.77777777777777,15.012698412698414,46 Lưu Quang Vũ,46 Lưu Quang Vũ,46 Lưu Quang Vũ,46 Lưu Quang Vũ,Hazardous,partly_cloudy,Hanoi
2025-05-04 18:00:00,31.8,12.45,0.0,11.67,0.0,209.35,93.75,11.4,0.0,400.0,0.0,11.2,400.0,28.41750841750842,76.0909090909091,10.58939393939394,46 Lưu Quang Vũ,46 Lưu Quang Vũ,46 Lưu Quang Vũ,46 Lưu Quang Vũ,Hazardous,partly_cloudy,Hanoi
2025-05-04 19:00:00,31.8,12.45,0.0,11.67,0.0,209.35,93.75,11.4,0.0,400.0,0.0,11.2,400.0,28.264957264957264,74.8,15.486153846153847,46 Lưu Quang Vũ,46 Lưu Quang Vũ,46 Lưu Quang Vũ,46 Lưu Quang Vũ,Hazardous,partly_cloudy,Hanoi
2025-05-04 20:00:00,31.8,12.45,0.0,11.67,0.0,209.35,93.75,11.4,0.0,400.0,0.0,11.2,400.0,26.975308641975307,83.47619047619048,15.025396825396825,46 Lưu Quang Vũ,46 Lưu Quang Vũ,46 Lưu Quang Vũ,46 Lưu Quang Vũ,Hazardous,partly_cloudy,Hanoi
2025-05-04 21:00:00,31.8,12.45,0.0,11.67,0.0,209.35,93.75,11.4,0.0,400.0,0.0,11.2,400.0,25.97222222222222,87.53125,15.4546875,46 Lưu Quang Vũ,46 Lưu Quang Vũ,46 Lưu Quang Vũ,46 Lưu Quang Vũ,Hazardous,partly_cloudy,Hanoi
2025-05-04 22:00:00,31.8,12.45,0.0,11.67,0.0,209.35,93.75,11.4,0.0,400.0,0.0,11.2,400.0,26.74358974358974,86.75384615384615,16.847692307692306,46 Lưu Quang Vũ,46 Lưu Quang Vũ,46 Lưu Quang Vũ,46 Lưu Quang Vũ,Hazardous,partly_cloudy,Hanoi
2025-05-04 23:00:00,31.8,12.45,0.0,11.67,0.0,209.35,93.75,11.4,0.0,400.0,0.0,11.2,400.0,26.74358974358974,89.53846153846153,17.75076923076923,46 Lưu Quang Vũ,46 Lưu Quang Vũ,46 Lưu Quang Vũ,46 Lưu Quang Vũ,Hazardous,partly_cloudy,Hanoi
